ds,service,env,latency_hat,cpu_hat,anom_hat,latency_norm,cpu_norm,anom_norm,risk_score
2025-10-17,EC2,dev,24.10304714238789,0.287656736750438,,0.6260796659762935,0.37296137302974897,0.0,0.362
2025-10-18,EC2,dev,24.599196039796087,0.2955074304221312,,0.8833088044131993,0.7219596775686788,0.0,0.57
2025-10-19,EC2,dev,24.824272438136692,0.3017619290010594,,1.0,1.0,0.0,0.7
2025-10-20,EC2,dev,24.312548149779825,0.293662195758412,,0.7346957768143966,0.639930777188012,0.0,0.486
2025-10-21,EC2,dev,24.24432449595732,0.2842857125659563,,0.6993251213812092,0.2231043318378574,0.0,0.347
2025-10-22,EC2,dev,24.048054360152104,0.2915710631433009,,0.5975685757196091,0.5469706175181411,0.0,0.403
2025-10-23,EC2,dev,24.674926003286306,0.2933584925501292,,0.9225711173281473,0.6264298167371019,0.0,0.557
2025-10-24,EC2,dev,23.801148281074237,0.2859838310435351,,0.46955974948255025,0.29859326241708456,0.0,0.277
2025-10-25,EC2,dev,24.29729717848408,0.2938345247152386,,0.7267888879203088,0.6475915669564735,0.0,0.485
2025-10-26,EC2,dev,24.522373576823405,0.3000890232941587,,0.8434800835064465,0.9256318893874343,0.0,0.615
2025-10-27,EC2,dev,24.01064928846516,0.2919892900515001,,0.5781758603201284,0.5655626665749478,0.0,0.401
2025-10-28,EC2,dev,23.94242563464371,0.2826128068590535,,0.5428052048874881,0.14873622122519797,0.0,0.262
2025-10-29,EC2,dev,23.74615549883804,0.2898981574363986,,0.4410486592256522,0.47260250690550387,0.0,0.318
2025-10-30,EC2,dev,24.37302714197177,0.2916855868432315,,0.7660512008339474,0.5520617061246694,0.0,0.472
2025-10-31,EC2,dev,23.49924941975931,0.2843109253366363,,0.3130398329881458,0.22422515180460525,0.0,0.192
2025-11-01,EC2,dev,23.99539831717023,0.2921616190083473,,0.5702689714264643,0.5732234563443273,0.0,0.4
2025-11-02,EC2,dev,24.220474715509862,0.2984161175872599,,0.6869601670127604,0.8512637787749525,0.0,0.53
2025-11-03,EC2,dev,23.708750427152356,0.2903163843445921,,0.42165594382682536,0.4911945559620588,0.0,0.316
2025-11-04,EC2,dev,23.640526773330222,0.280939901152155,,0.3862852883938314,0.074368110612731,0.0,0.177
2025-11-05,EC2,dev,23.44425663752492,0.2882252517295091,,0.28452874273218526,0.39823439629343665,0.0,0.233
2025-11-06,EC2,dev,24.071128280658133,0.2900126811363222,,0.6095312843402115,0.47769359551172375,0.0,0.387
2025-11-07,EC2,dev,23.197350558445653,0.2826380196297334,,0.15651991649440078,0.14985704119194088,0.0,0.108
2025-11-08,EC2,dev,23.69349945585433,0.2904887133014059,,0.41374905493155517,0.49885534572995277,0.0,0.315
2025-11-09,EC2,dev,23.91857585419657,0.2967432118803592,,0.5304402505192032,0.7768956681623869,0.0,0.445
2025-11-10,EC2,dev,23.40685156583583,0.2886434786376763,,0.2651360273315921,0.4168264453488219,0.0,0.231
2025-11-11,EC2,dev,23.338627912015443,0.2792669954452506,,0.22976537189950433,0.0,0.0,0.092
2025-11-12,EC2,dev,23.142357776209103,0.2865523460225727,,0.12800882623732035,0.32386628567928427,0.0,0.148
2025-11-13,EC2,dev,23.769229419345034,0.2883397754294414,,0.45301136784675566,0.40332548490004155,0.0,0.302
2025-11-14,EC2,dev,22.89545169713073,0.2809651139228346,,0.0,0.0754889305794591,0.0,0.023
2025-11-15,EC2,dev,23.39160059454048,0.2888158075945147,,0.25722913843771067,0.42448723511780906,0.0,0.23
2025-10-18,EC2,prod,24.78456913964488,0.4571119869946138,0.0128782685240555,0.55708501728612,0.0,0.3639299822886381,0.332
2025-10-19,EC2,prod,24.70533675731139,0.4615819953521004,0.0173254946580237,0.3681638452125415,0.13295931121030177,0.7239893824940405,0.404
2025-10-20,EC2,prod,24.784509815863867,0.4576320670873212,0.0172955366045369,0.5569435660522846,0.01546965584186148,0.7215638978335263,0.444
2025-10-21,EC2,prod,24.9067339211192,0.4617488982154973,0.0164370642472594,0.8483739199105462,0.13792379628091886,0.6520596646906869,0.576
2025-10-22,EC2,prod,24.79238209626176,0.462673208697505,0.0164344801203349,0.5757141797314517,0.1654171867186286,0.6518504468181384,0.475
2025-10-23,EC2,prod,24.970324970325148,0.4604762353153118,0.0207346033515475,1.0,0.10006874790541304,1.0,0.73
2025-10-24,EC2,prod,24.91320237782909,0.4718875814024335,0.010283894242021,0.863797265607713,0.43949646132006587,0.15388245608736678,0.524
2025-10-25,EC2,prod,24.745967724270105,0.4633932457232972,0.0122447155789405,0.46504405598311804,0.18683451289317654,0.3126358302611296,0.336
2025-10-26,EC2,prod,24.66673534193662,0.4678632540807853,0.0166919417129029,0.27612288390954803,0.31979382410352125,0.6726952304660628,0.408
2025-10-27,EC2,prod,24.74590840048902,0.4639133258160188,0.0166619836594038,0.46490260474911316,0.20230416873546073,0.6702697458045525,0.448
2025-10-28,EC2,prod,24.868132505744427,0.4680301569441827,0.0158035113021337,0.7563329586075442,0.3247583091741548,0.6007655126623119,0.58
2025-10-29,EC2,prod,24.75378068088693,0.4689544674262282,0.0158009271752037,0.4836732184283141,0.352251699612989,0.6005562947893186,0.479
2025-10-30,EC2,prod,24.93172355495013,0.4667574940439806,0.020101050406416,0.9079590386964136,0.2869032607981553,0.9487058479711558,0.734
2025-10-31,EC2,prod,24.874600962453904,0.4781688401311187,0.0096503412968837,0.7717563043037283,0.6263309742132969,0.10258830405805286,0.527
2025-11-01,EC2,prod,24.707366308894983,0.4696745044519856,0.0116111626338137,0.37300309467928594,0.3736690257865017,0.26134167823266596,0.34
2025-11-02,EC2,prod,24.62813392656161,0.4741445128094781,0.0160583887677633,0.18408192260598696,0.5066283369969785,0.6214010784365627,0.412
2025-11-03,EC2,prod,24.70730698511443,0.4701945845446904,0.0160284307142846,0.3728616434465432,0.3891386816282856,0.618975593776704,0.452
2025-11-04,EC2,prod,24.829531090369542,0.4743114156728658,0.0151699583570089,0.6642919973042797,0.5115928220673215,0.5494713606340103,0.584
2025-11-05,EC2,prod,24.71517926551205,0.4752357261548968,0.0151673742300838,0.39163225712505806,0.5390862125057246,0.5492621427614133,0.483
2025-11-06,EC2,prod,24.893122139575464,0.4730387527726887,0.019467497461286,0.8159180773936742,0.47373777369206665,0.8974116959424329,0.738
2025-11-07,EC2,prod,24.835999547078995,0.4844500988598121,0.0090167883517534,0.6797153430004045,0.8131654871067706,0.051294152029305776,0.531
2025-11-08,EC2,prod,24.66876489352069,0.4759557631806904,0.0109776096886686,0.28096213337743603,0.5605035386803139,0.2100475262027206,0.344
2025-11-09,EC2,prod,24.58953251118684,0.480425771538163,0.0154248358226425,0.09204096130299348,0.6934628498901996,0.5701069264085846,0.416
2025-11-10,EC2,prod,24.66870556973933,0.4764758432734139,0.0153948777691375,0.2808206821427704,0.5759731945226559,0.5676814417465967,0.455
2025-11-11,EC2,prod,24.790929674994548,0.4805926744015785,0.0145364054118732,0.5722510360007526,0.6984273349613699,0.49817720860482584,0.588
2025-11-12,EC2,prod,24.67657785013708,0.4815169848836232,0.0145338212849352,0.29959129582159016,0.7259207254001809,0.49796799073118453,0.487
2025-11-13,EC2,prod,24.85452072420016,0.4793200115013621,0.0188339445161725,0.7238771160894101,0.6605722865849459,0.8461175439150458,0.742
2025-11-14,EC2,prod,24.797398131703805,0.4907313575884973,0.0083832354066162,0.5876743816964114,1.0,0.0,0.535
2025-11-15,EC2,prod,24.630163478145583,0.4822370219093789,0.0103440567435418,0.18892117207363782,0.7473380515736424,0.1587533741742568,0.347
2025-11-16,EC2,prod,24.550931095812068,0.4867070302668479,0.0147912828775217,0.0,0.8802973627834207,0.5188127743806067,0.42
2025-10-18,EC2,staging,24.550666487148444,0.2923256626915484,,0.25664240709019454,0.7867890118872758,0.0,0.339
2025-10-19,EC2,staging,24.892272861717988,0.2914761403173466,,0.7921708450602308,0.7549812660181107,0.0,0.543
2025-10-20,EC2,staging,24.43655485928051,0.2890343682515512,,0.07775223882756312,0.6635566400190389,0.0,0.23
2025-10-21,EC2,staging,24.986052542945952,0.2980201091189209,,0.9391870893110112,1.0,0.0,0.676
2025-10-22,EC2,staging,25.024844279247077,0.2897457861893487,,1.0,0.6901934911007883,0.0,0.607
2025-10-23,EC2,staging,24.855411299648694,0.2889491884730766,,0.7343838240159677,0.6603673458589436,0.0,0.492
2025-10-24,EC2,staging,24.963646433539303,0.2758257002282103,,0.9040615481478858,0.16899879373354545,0.0,0.412
2025-10-25,EC2,staging,24.534134118658294,0.2908211208201329,,0.23072499414779415,0.7304560806440389,0.0,0.311
2025-10-26,EC2,staging,24.87574049322733,0.289971598445909,,0.766253432117034,0.6986483347740465,0.0,0.516
2025-10-27,EC2,staging,24.420022490790284,0.2875298263800992,,0.05183482588504579,0.6072237087744364,0.0,0.203
2025-10-28,EC2,staging,24.969520174454136,0.2965155672474652,,0.9132696763659989,0.9436670687552583,0.0,0.648
2025-10-29,EC2,staging,25.00831191075864,0.2882412443178825,,0.9740825870602842,0.6338605598556538,0.0,0.58
2025-10-30,EC2,staging,24.83887893115609,0.287444646601621,,0.7084664110697187,0.6040344146142061,0.0,0.465
2025-10-31,EC2,staging,24.94711406504783,0.2743211583567545,,0.8781441352034135,0.11266586248880167,0.0,0.385
2025-11-01,EC2,staging,24.51760175016761,0.289316578948687,,0.2048075812045584,0.674123149399665,0.0,0.284
2025-11-02,EC2,staging,24.85920812473717,0.2884670565744777,,0.740336019174617,0.6423154035302193,0.0,0.489
2025-11-03,EC2,staging,24.403490122299136,0.2860252845086824,,0.02591741294108039,0.5508907775311518,0.0,0.176
2025-11-04,EC2,staging,24.952987805963502,0.2950110253760304,,0.887352263422841,0.8873341375113002,0.0,0.621
2025-11-05,EC2,staging,24.99177954226684,0.2867367024464434,,0.9481651741152995,0.5775276286115336,0.0,0.553
2025-11-06,EC2,staging,24.822346562666656,0.2859401047301707,,0.6825489981284434,0.5477014833696661,0.0,0.437
2025-11-07,EC2,staging,24.930581696557528,0.2728166164853171,,0.8522267222607737,0.056332931244743784,0.0,0.358
2025-11-08,EC2,staging,24.50106938167716,0.2878120370772092,,0.1788901682616846,0.6177902181540961,0.0,0.257
2025-11-09,EC2,staging,24.84267575624651,0.28696251470304,,0.7144186062314202,0.5859824722861532,0.0,0.462
2025-11-10,EC2,staging,24.386957753809828,0.2845207426371952,,0.0,0.4945578462852295,0.0,0.148
2025-11-11,EC2,staging,24.93645543747431,0.2935064835045685,,0.8614348504819445,0.8310012062663257,0.0,0.594
2025-11-12,EC2,staging,24.975247173778296,0.2852321605750038,,0.9222477611754166,0.5211946973673947,0.0,0.525
2025-11-13,EC2,staging,24.805814194176385,0.2844355628587593,,0.6566315851858537,0.491368552126585,0.0,0.41
2025-11-14,EC2,staging,24.91404932806605,0.2713120746138613,,0.8263093093162903,0.0,0.0,0.331
2025-11-15,EC2,staging,24.48453701318648,0.2863074952057633,,0.1529727553184544,0.5614572869097223,0.0,0.23
2025-11-16,EC2,staging,24.82614338775585,0.2854579728316023,,0.6885011932882178,0.5296495410420848,0.0,0.434
2025-10-17,LAMBDA,dev,15.07972584437279,0.3043670214224854,,0.5960951108249904,0.5504252524674095,0.0,0.404
2025-10-18,LAMBDA,dev,14.672892349061607,0.294992293711649,,0.0,0.021681841715050384,0.0,0.007
2025-10-19,LAMBDA,dev,15.056206559703863,0.3056756897161545,,0.561634500371751,0.624235368182902,0.0,0.412
2025-10-20,LAMBDA,dev,15.127730762027577,0.3077105082236208,,0.6664322316357704,0.7390010350999368,0.0,0.488
2025-10-21,LAMBDA,dev,14.67928372033594,0.3001757868515791,,0.009364679191871807,0.31403570275039877,0.0,0.098
2025-10-22,LAMBDA,dev,14.957341012688516,0.2956078354983391,,0.41677605119266126,0.0563989741794861,0.0,0.184
2025-10-23,LAMBDA,dev,15.31939153507764,0.3123380727076238,,0.9472548558021847,1.0,0.0,0.679
2025-10-24,LAMBDA,dev,15.091725322858856,0.3042709155617646,,0.6136768255570151,0.5450047920382429,0.0,0.409
2025-10-25,LAMBDA,dev,14.68489182754796,0.2948961878509484,,0.017581714732443715,0.016261381287023546,0.0,0.012
2025-10-26,LAMBDA,dev,15.068206038190617,0.305579583855454,,0.5792162151047829,0.6188149077548784,0.0,0.417
2025-10-27,LAMBDA,dev,15.139730240513936,0.3076144023628998,,0.6840139463682244,0.7335805746707578,0.0,0.494
2025-10-28,LAMBDA,dev,14.691283198823184,0.3000796809909021,,0.026946393925622095,0.3086152423237026,0.0,0.103
2025-10-29,LAMBDA,dev,14.96934049117561,0.2955117296376398,,0.4343577659261903,0.05097851375153127,0.0,0.189
2025-10-30,LAMBDA,dev,15.331391013564277,0.3122419668468995,,0.9648365705350449,0.9945795395706332,0.0,0.684
2025-10-31,LAMBDA,dev,15.10372480134509,0.3041748097010271,,0.6312585402892844,0.5395843316081341,0.0,0.414
2025-11-01,LAMBDA,dev,14.696891306034589,0.2948000819902297,,0.03516342946529346,0.01084092085797604,0.0,0.017
2025-11-02,LAMBDA,dev,15.080205516675708,0.3054834779946981,,0.5967979298353787,0.613394447323733,0.0,0.423
2025-11-03,LAMBDA,dev,15.151729718999968,0.3075182965021891,,0.7015956611001997,0.7281601142421611,0.0,0.499
2025-11-04,LAMBDA,dev,14.70328267730948,0.2999835751301805,,0.04452810865798252,0.3031947818944891,0.0,0.109
2025-11-05,LAMBDA,dev,14.981339969662445,0.2954156237769302,,0.451939480659342,0.04555805332299723,0.0,0.194
2025-11-06,LAMBDA,dev,15.343390492050869,0.3121458609861995,,0.98241828526784,0.9891590791426408,0.0,0.69
2025-11-07,LAMBDA,dev,15.115724279831154,0.3040787038403064,,0.6488402550213065,0.5341638711789707,0.0,0.42
2025-11-08,LAMBDA,dev,14.708890784520994,0.2947039761295132,,0.05274514419781525,0.005420460429050637,0.0,0.023
2025-11-09,LAMBDA,dev,15.092204995162458,0.3053873721339975,,0.6143796445684054,0.6079739868957063,0.0,0.428
2025-11-10,LAMBDA,dev,15.163729197486662,0.3074221906414578,,0.7191773758331431,0.7227396538124029,0.0,0.504
2025-11-11,LAMBDA,dev,14.715282155796032,0.2998874692694561,,0.062109823390720346,0.2977743214651191,0.0,0.114
2025-11-12,LAMBDA,dev,14.993339448147289,0.295319517916184,,0.46952119538957593,0.04013759289239681,0.0,0.2
2025-11-13,LAMBDA,dev,15.355389970537027,0.312049755125461,,1.0,0.9837386187124755,0.0,0.695
2025-11-14,LAMBDA,dev,15.127723758317387,0.303982597979569,,0.6664219697535758,0.5287434107488681,0.0,0.425
2025-11-15,LAMBDA,dev,14.720890263007623,0.2946078702687945,,0.070326858930665,0.0,0.0,0.028
2025-10-18,LAMBDA,prod,15.435212101396516,0.4685151774272548,0.0135170278582423,0.1860476396069483,0.0,0.09594219151784787,0.103
2025-10-19,LAMBDA,prod,15.50203233807458,0.4716064474691836,0.024053901196011,0.25678862375127487,0.0672141007465617,0.565875139247363,0.293
2025-10-20,LAMBDA,prod,15.259475963960712,0.4714642234714745,0.0337878828047232,0.0,0.06412169601292808,1.0,0.319
2025-10-21,LAMBDA,prod,15.47683290424191,0.4705980991943333,0.0284217223875752,0.2301105867100183,0.045289383198714984,0.7606751545754266,0.334
2025-10-22,LAMBDA,prod,15.48894501980253,0.4710298131481209,0.0286540540888358,0.24293339335400327,0.05467622575533321,0.7710368926095224,0.345
2025-10-23,LAMBDA,prod,15.488990342765682,0.473359618430877,0.0247990060688335,0.24298137568955103,0.10533364645007391,0.5991059960707069,0.309
2025-10-24,LAMBDA,prod,15.99379946131151,0.4933261892579864,0.0116943351723053,0.7774106986956061,0.5394707761520506,0.014652104862143264,0.477
2025-10-25,LAMBDA,prod,15.505296272899296,0.4755753040837026,0.0134075176442141,0.26024407337495364,0.1535097412822185,0.09105815656411084,0.177
2025-10-26,LAMBDA,prod,15.572116509577397,0.4786665741256458,0.0239443909819896,0.33098505751931967,0.22072384202909281,0.5609911042939292,0.367
2025-10-27,LAMBDA,prod,15.32956013546411,0.4785243501279544,0.03367837259069,0.07419643376865975,0.21763143729584541,0.9951159650460399,0.394
2025-10-28,LAMBDA,prod,15.546917075744688,0.4776582258508169,0.0283122121735558,0.3043070204780217,0.198799124481712,0.7557911196220821,0.408
2025-10-29,LAMBDA,prod,15.55902919130716,0.4780899398046306,0.0285445438747903,0.31712982712396626,0.2081859670388975,0.7661528576550136,0.419
2025-10-30,LAMBDA,prod,15.559074514267762,0.4804197450873324,0.0246894958548081,0.3171778094568154,0.2588433877324578,0.5942219611170949,0.383
2025-10-31,LAMBDA,prod,16.063883632814246,0.5003863159144534,0.0115848249582728,0.8516071324635643,0.6929805174346867,0.009768069908214449,0.551
2025-11-01,LAMBDA,prod,15.575380444402157,0.4826354307401662,0.0132980074301899,0.3344405071430454,0.307019482564781,0.08617412161055223,0.252
2025-11-02,LAMBDA,prod,15.642200681080832,0.4857267007821059,0.0238348807679131,0.4051814912880189,0.37423358331157924,0.556107069338038,0.441
2025-11-03,LAMBDA,prod,15.39964430696644,0.4855844767843957,0.0335688623766626,0.14839286753618927,0.3711411785779227,0.9902319300923386,0.468
2025-11-04,LAMBDA,prod,15.617001247247464,0.4847183525072713,0.028202701959524,0.3785034542460233,0.3523088657640741,0.7509070846681842,0.482
2025-11-05,LAMBDA,prod,15.629113362809289,0.4851500664610754,0.0284350336607672,0.3913262608912833,0.3616957083210508,0.7612688227015041,0.493
2025-11-06,LAMBDA,prod,15.629158685771776,0.487479871743826,0.0245799856407612,0.3913742432261277,0.4123531290156732,0.5893379261625238,0.457
2025-11-07,LAMBDA,prod,16.13396780431747,0.5074464425709222,0.0114753147442322,0.9258035662320417,0.8464902587173627,0.004884034953924406,0.626
2025-11-08,LAMBDA,prod,15.645464615906286,0.4896955573966776,0.0131884972161296,0.40863694091248,0.4605292238483827,0.0812900866553836,0.326
2025-11-09,LAMBDA,prod,15.712284852583648,0.4927868274385681,0.0237253705538917,0.4793779250560637,0.5277433245941116,0.5512230343846042,0.515
2025-11-10,LAMBDA,prod,15.469728478470904,0.4926446034409142,0.0334593521626236,0.22258930130597737,0.5246509198616789,0.9853478951381198,0.542
2025-11-11,LAMBDA,prod,15.687085418751533,0.4917784791637651,0.0280931917454829,0.4526998880153939,0.5058186070472932,0.7460230497138719,0.557
2025-11-12,LAMBDA,prod,15.699197534313797,0.4922101931175786,0.0283255234467221,0.4655226946611184,0.5152054496044739,0.7563847877470132,0.568
2025-11-13,LAMBDA,prod,15.699242857273743,0.4945399984002443,0.0244704754267633,0.4655706769932736,0.5658628702972508,0.5844538912101381,0.531
2025-11-14,LAMBDA,prod,16.204051975820207,0.5145065692273892,0.0113658045301998,1.0,1.0,0.0,0.7
2025-11-15,LAMBDA,prod,15.715548787409146,0.4967556840531411,0.0130789870021054,0.4828333746805699,0.6140389651309428,0.07640605170182492,0.4
2025-11-16,LAMBDA,prod,15.782369024086462,0.4998469540950302,0.0236158603398702,0.5535743588241048,0.6812530658766415,0.546338999431166,0.59
2025-10-17,LAMBDA,staging,14.998234927757826,0.2994421701646943,,1.0,0.7965749646885106,0.0,0.639
2025-10-18,LAMBDA,staging,14.86586800604441,0.2882964131887987,,0.7260468445029599,0.03436962718665903,0.0,0.301
2025-10-19,LAMBDA,staging,14.946954192117476,0.3003930920127274,,0.8938668425386544,0.8616039896067303,0.0,0.616
2025-10-20,LAMBDA,staging,14.82957058979787,0.3010034951889785,,0.6509239090413469,0.9033465612394023,0.0,0.531
2025-10-21,LAMBDA,staging,14.729822433529831,0.29613366656711,,0.4444801705988646,0.5703221308364417,0.0,0.349
2025-10-22,LAMBDA,staging,14.770647582097096,0.2992789712420317,,0.5289739257520764,0.7854145661442903,0.0,0.447
2025-10-23,LAMBDA,staging,14.82452843281844,0.3024168620158772,,0.6404884105259634,1.0,0.0,0.556
2025-10-24,LAMBDA,staging,14.926647905470324,0.299316523080783,,0.8518399431335378,0.7879825578913884,0.0,0.577
2025-10-25,LAMBDA,staging,14.794280983756842,0.2881707661048933,,0.5778867876363617,0.025777220389943022,0.0,0.239
2025-10-26,LAMBDA,staging,14.875367169829932,0.3002674449288281,,0.7457067856721077,0.8530115828104319,0.0,0.554
2025-10-27,LAMBDA,staging,14.757983567510369,0.3008778481050754,,0.5027638521748884,0.8947541544428419,0.0,0.47
2025-10-28,LAMBDA,staging,14.658235411242472,0.2960080194832163,,0.2963201137327002,0.5617297240405266,0.0,0.287
2025-10-29,LAMBDA,staging,14.699060559810055,0.2991533241581534,,0.38081386888657004,0.7768221593494268,0.0,0.385
2025-10-30,LAMBDA,staging,14.752941410530765,0.3022912149319588,,0.49232835365914457,0.9914075932023957,0.0,0.494
2025-10-31,LAMBDA,staging,14.855060883182755,0.2991908759968669,,0.7036798862669396,0.7793901510939397,0.0,0.515
2025-11-01,LAMBDA,staging,14.72269396146936,0.288045119020991,,0.42972673076994355,0.017184813593439603,0.0,0.177
2025-11-02,LAMBDA,staging,14.803780147542383,0.3001417978448893,,0.5975467288055498,0.8444191760114306,0.0,0.492
2025-11-03,LAMBDA,staging,14.68639654522255,0.3007522010211567,,0.3546037953077718,0.8861617476452148,0.0,0.408
2025-11-04,LAMBDA,staging,14.586648388954853,0.295882372399305,,0.14816005686599532,0.5531373172434044,0.0,0.225
2025-11-05,LAMBDA,staging,14.627473537522407,0.2990276770742425,,0.23265381201980634,0.7682297525523349,0.0,0.324
2025-11-06,LAMBDA,staging,14.6813543882435,0.3021655678480637,,0.344168296793175,0.982815186406382,0.0,0.433
2025-11-07,LAMBDA,staging,14.783473860895256,0.2990652289129555,,0.5555198294004847,0.7707977442968138,0.0,0.453
2025-11-08,LAMBDA,staging,14.651106939181911,0.2879194719370825,,0.28156667390359164,0.008592406796511014,0.0,0.115
2025-11-09,LAMBDA,staging,14.732193125254836,0.3000161507609901,,0.44938667193899573,0.835826769215136,0.0,0.431
2025-11-10,LAMBDA,staging,14.614809522935367,0.300626553937269,,0.20644373844197134,0.8775693408497097,0.0,0.346
2025-11-11,LAMBDA,staging,14.515061366667576,0.2957567253154113,,0.0,0.5445449104474894,0.0,0.163
2025-11-12,LAMBDA,staging,14.55588651523492,0.2989020299903321,,0.08449375515337722,0.7596373457552773,0.0,0.262
2025-11-13,LAMBDA,staging,14.60976736595564,0.3020399207641569,,0.19600823992597383,0.974222779609571,0.0,0.371
2025-11-14,LAMBDA,staging,14.71188683860769,0.2989395818290394,,0.4073597725338901,0.7622053374993651,0.0,0.392
2025-11-15,LAMBDA,staging,14.57951991689443,0.2877938248531801,,0.13340661703717355,0.0,0.0,0.053
2025-10-17,RDS,dev,35.05570399669659,0.2947944661251578,,0.7553066258470214,0.24588750405595,0.0,0.376
2025-10-18,RDS,dev,34.303005888906455,0.3020510577562651,,0.34223315900645257,0.6590710544559453,0.0,0.335
2025-10-19,RDS,dev,35.50158167826847,0.302477664030343,,1.0,0.6833616172858547,0.0,0.605
2025-10-20,RDS,dev,33.98469032604644,0.3006093515721578,,0.1675446461232055,0.5769816507709544,0.0,0.24
2025-10-21,RDS,dev,34.71924835696764,0.3039994872785468,,0.5706630136172298,0.7700128117775805,0.0,0.459
2025-10-22,RDS,dev,34.573986084617346,0.2961235230892233,,0.4909444786297541,0.3215627663571058,0.0,0.293
2025-10-23,RDS,dev,34.60224415193266,0.2904760337906689,,0.5064522336132503,0.0,0.0,0.203
2025-10-24,RDS,dev,34.95393796859258,0.2961408597587784,,0.6994584104729484,0.3225499001305134,0.0,0.377
2025-10-25,RDS,dev,34.20123986080326,0.3033974513898835,,0.28638494363283196,0.7357334505303823,0.0,0.335
2025-10-26,RDS,dev,35.399815650163546,0.3038240576639537,,0.9441517846254279,0.7600240133598555,0.0,0.606
2025-10-27,RDS,dev,33.88292429794183,0.3019557452057711,,0.11169643074880495,0.6536440468451037,0.0,0.241
2025-10-28,RDS,dev,34.617482328861456,0.3053458809121639,,0.5148147982419675,0.8466752078519447,0.0,0.46
2025-10-29,RDS,dev,34.47222005651799,0.2974699167228334,,0.43509626325823914,0.3982251624310718,0.0,0.294
2025-10-30,RDS,dev,34.500478123822674,0.2918224274242726,,0.45060401823590185,0.07666239607360252,0.0,0.203
2025-10-31,RDS,dev,34.85217194048526,0.2974872533923927,,0.6436101950970661,0.39921229620471643,0.0,0.377
2025-11-01,RDS,dev,34.09947383269831,0.3047438450234964,,0.23053672825824423,0.8123958466045063,0.0,0.336
2025-11-02,RDS,dev,35.29804962205942,0.3051704512975755,,0.8883035692512964,0.8366864094344852,0.0,0.606
2025-11-03,RDS,dev,33.78115826983525,0.3033021388393853,,0.055848215373328194,0.7303064429193005,0.0,0.241
2025-11-04,RDS,dev,34.51571630075607,0.3066922745457741,,0.4589665828671419,0.9233376039259139,0.0,0.461
2025-11-05,RDS,dev,34.370454028410215,0.2988163103564347,,0.37924804788210337,0.47488755850453523,0.0,0.294
2025-11-06,RDS,dev,34.39871209572102,0.2931688210578886,,0.39475580286312345,0.15332479214790357,0.0,0.204
2025-11-07,RDS,dev,34.75040591238125,0.2988336470260133,,0.5877619797229932,0.4758746922792798,0.0,0.378
2025-11-08,RDS,dev,33.99770780459224,0.3060902386570968,,0.17468851288304432,0.8890582426779192,0.0,0.337
2025-11-09,RDS,dev,35.1962835939545,0.3065168449311862,,0.8324553538767243,0.913348805508486,0.0,0.607
2025-11-10,RDS,dev,33.67939224173259,0.3046485324729978,,0.0,0.8069688389934023,0.0,0.242
2025-11-11,RDS,dev,34.413950272654105,0.3080386681793863,,0.4031183674941959,1.0,0.0,0.461
2025-11-12,RDS,dev,34.268688000309574,0.3001627039900846,,0.3233998325098826,0.5515499545807675,0.0,0.295
2025-11-13,RDS,dev,34.29694606761585,0.294515214691502,,0.33890758748841876,0.22998718822205605,0.0,0.205
2025-11-14,RDS,dev,34.64863988427393,0.3001800406596275,,0.5319137643471108,0.5525370883534797,0.0,0.379
2025-11-15,RDS,dev,33.895941776487284,0.3074366322907098,,0.11884029750845664,0.9657206387520495,0.0,0.337
2025-10-18,RDS,prod,34.73135587061774,0.4255680258335531,0.0236705180273434,0.5504183131253791,0.515549111341538,0.33035972259896446,0.474
2025-10-19,RDS,prod,34.831436323092994,0.4374431514032193,0.0231035887684239,0.696850654998217,0.8877990212364874,0.29067019428842716,0.632
2025-10-20,RDS,prod,35.0386263688665,0.4401059706945685,0.03027108715556,1.0,0.9712704957447887,0.7924517228942063,0.929
2025-10-21,RDS,prod,34.811893642000165,0.4374453045544216,0.0247112814890744,0.6682568538300552,0.8878665161304432,0.4032213896042489,0.655
2025-10-22,RDS,prod,34.54335158751648,0.4337644910457638,0.0329221129467601,0.2753405454319505,0.7724839470030935,0.9780444781390734,0.635
2025-10-23,RDS,prod,34.71893896810961,0.4410224691584128,0.0233283635874912,0.5322505683949926,1.0,0.30640620791712975,0.605
2025-10-24,RDS,prod,34.58488073107529,0.4269229741788332,0.0189516261512674,0.3361037573967714,0.5580227169033364,0.0,0.302
2025-10-25,RDS,prod,34.668627910343886,0.4214563992946694,0.0237750563297373,0.45863813131537007,0.3866618335067021,0.3376782298855805,0.401
2025-10-26,RDS,prod,34.76870836281921,0.4333315248643325,0.0232081270708302,0.6050704731883119,0.758911743401554,0.2979887015759115,0.559
2025-10-27,RDS,prod,34.97589840859227,0.4359943441556635,0.0303756254579696,0.9082198181894399,0.8423832179092846,0.7997702301819214,0.856
2025-10-28,RDS,prod,34.74916568172721,0.4333336780155383,0.0248158197914739,0.5764766720213664,0.7589792382956195,0.4105398968912569,0.581
2025-10-29,RDS,prod,34.48062362724188,0.4296528645068723,0.0330266512491449,0.18356036362084985,0.6435966691680123,0.9853629854250527,0.562
2025-10-30,RDS,prod,34.65621100783585,0.4369108426194971,0.0234329018899253,0.4404703865851187,0.87111272216416,0.3137247152065601,0.532
2025-10-31,RDS,prod,34.522152770801135,0.422811347639911,0.019056164453696,0.24432357558632564,0.4291354390672945,0.007318507289045375,0.229
2025-11-01,RDS,prod,34.6058999500698,0.4173447727557682,0.0238795946321553,0.36685794950501793,0.257774555671318,0.34499673717388385,0.328
2025-11-02,RDS,prod,34.70598040254426,0.4292198983253909,0.0233126653732285,0.5132902913767018,0.6300244655649031,0.30530720886283547,0.486
2025-11-03,RDS,prod,34.91317044831853,0.4318827176167698,0.0304801637603745,0.8164396363795972,0.7134959400741337,0.8070887374693076,0.783
2025-11-04,RDS,prod,34.686437721453004,0.4292220514766354,0.0249203580938865,0.48469649021083755,0.6300919604601815,0.4178584041791821,0.508
2025-11-05,RDS,prod,34.41789566696807,0.4255412379679743,0.0331311895515665,0.09178018181090315,0.5147093913327274,0.9926814927136077,0.489
2025-11-06,RDS,prod,34.59348304756168,0.4327992160806023,0.0235374401923083,0.3486902047746522,0.7422254443289761,0.3210432224924132,0.458
2025-11-07,RDS,prod,34.459424810527,0.4186997211010043,0.019160702756097,0.15254339377590073,0.3002481612317364,0.014637014576158326,0.155
2025-11-08,RDS,prod,34.54317198979541,0.4132331462168495,0.0239841329345509,0.27507776769422915,0.12888727783538406,0.35231524446061885,0.254
2025-11-09,RDS,prod,34.64325244227047,0.425108271786504,0.0234172036756348,0.42151010956678625,0.5011371877299662,0.31262571615031953,0.413
2025-11-10,RDS,prod,34.8504424880438,0.4277710910778534,0.0305847020627887,0.7246594545682989,0.5846086622382729,0.8144072447573447,0.71
2025-11-11,RDS,prod,34.623709761178304,0.425110424937728,0.0250248963962914,0.39291630839959135,0.5012046826246025,0.42517691146656833,0.435
2025-11-12,RDS,prod,34.35516770669361,0.421429611429056,0.0332357278539572,0.0,0.38582211349680734,1.0,0.416
2025-11-13,RDS,prod,34.530755087287304,0.4286875895417107,0.0236419784947483,0.2569100229638738,0.6133381664938931,0.3283617297822565,0.385
2025-11-14,RDS,prod,34.39669685025283,0.414588094562082,0.0192652410585256,0.06076321196543421,0.1713608833956911,0.021955521865203702,0.082
2025-11-15,RDS,prod,34.480444029521315,0.4091215196779483,0.0240886712369689,0.18329758588386658,0.0,0.3596337517489219,0.181
2025-11-16,RDS,prod,34.58052448199668,0.4209966452476173,0.023521741978041,0.32972992775687077,0.3722499098950363,0.3199442234377968,0.34
2025-10-18,RDS,staging,33.78048782362181,0.3056995537072123,,0.6121137890108493,1.0,0.0,0.545
2025-10-19,RDS,staging,33.982650988875136,0.2918959263683251,,0.6721050313978292,0.3376293687143769,0.0,0.37
2025-10-20,RDS,staging,34.62452459230981,0.2917946341276423,,0.8625788740348008,0.3327688343230713,0.0,0.445
2025-10-21,RDS,staging,34.49234059333102,0.2926213086900221,,0.8233537149288869,0.3724370272051491,0.0,0.441
2025-10-22,RDS,staging,34.08842995337397,0.2998682562986574,,0.7034945849336646,0.7201836842669987,0.0,0.497
2025-10-23,RDS,staging,35.08761701534371,0.2947171127564699,,1.0,0.47300472788721487,0.0,0.542
2025-10-24,RDS,staging,32.20859522395576,0.2867910504161491,,0.14565992322030422,0.0926705746188665,0.0,0.086
2025-10-25,RDS,staging,33.61686910219772,0.3050558103521935,,0.5635604812720196,0.9691098084596569,0.0,0.516
2025-10-26,RDS,staging,33.819032267449685,0.2912521830133011,,0.6235517236585969,0.3067391771737833,0.0,0.341
2025-10-27,RDS,staging,34.46090587088095,0.2911508907726167,,0.8140255662945564,0.30187864278240323,0.0,0.416
2025-10-28,RDS,staging,34.328721871904605,0.2919775653349745,,0.7748004071893677,0.3415468356634235,0.0,0.412
2025-10-29,RDS,staging,33.92481123194224,0.2992245129435912,,0.6549412771925704,0.6892934927243834,0.0,0.469
2025-10-30,RDS,staging,34.92399829391775,0.2940733694014849,,0.9514466922606158,0.4421145363484939,0.0,0.513
2025-10-31,RDS,staging,32.04497650252712,0.2861473070611524,,0.09710661548012514,0.061780383079583515,0.0,0.057
2025-11-01,RDS,staging,33.45325038077049,0.3044120669971802,,0.5150071735322602,0.9382196169195801,0.0,0.487
2025-11-02,RDS,staging,33.65541354602026,0.2906084396583214,,0.5749984159181859,0.2758489856353181,0.0,0.313
2025-11-03,RDS,staging,34.2972871494577,0.2905071474176167,,0.7654722585559777,0.27098845124296306,0.0,0.387
2025-11-04,RDS,staging,34.16510315047861,0.2913338219799722,,0.726247099449973,0.3106566441238741,0.0,0.384
2025-11-05,RDS,staging,33.7611925105183,0.2985807695885998,,0.606387969453785,0.6584033011853562,0.0,0.44
2025-11-06,RDS,staging,34.76037957248831,0.293429626046435,,0.9028933845202006,0.41122434480666176,0.0,0.485
2025-11-07,RDS,staging,31.88135778109927,0.2855035637061345,,0.04855330774018012,0.03089019153928565,0.0,0.029
2025-11-08,RDS,staging,33.289631659339065,0.3037683236421454,,0.4664538657912546,0.9073294253784698,0.0,0.459
2025-11-09,RDS,staging,33.49179482459482,0.2899646963032974,,0.5264451081789556,0.24495879409472723,0.0,0.284
2025-11-10,RDS,staging,34.1336684280232,0.2898634040625655,,0.7169189508140591,0.24009825970106696,0.0,0.359
2025-11-11,RDS,staging,34.00148442904732,0.290690078624935,,0.6776937917090096,0.27976645258264926,0.0,0.355
2025-11-12,RDS,staging,33.59757378908475,0.2979370262335438,,0.557834661712149,0.6275131096432283,0.0,0.411
2025-11-13,RDS,staging,34.59676085106513,0.2927858826914527,,0.8543400767816409,0.38033415326807135,0.0,0.456
2025-11-14,RDS,staging,31.717739059670624,0.2848598203511377,,0.0,0.0,0.0,0.0
2025-11-15,RDS,staging,33.12601293791184,0.3031245802871321,,0.4179005580514951,0.8764392338383903,0.0,0.43
2025-11-16,RDS,staging,33.32817610316937,0.2893209529482735,,0.4778918004397233,0.214068602554139,0.0,0.255
